<?xml version="1.0" encoding="UTF-8"?>
<metadata xml:lang="zh"><Esri><CreaDate>20130903</CreaDate><CreaTime>22033900</CreaTime><ArcGISFormat>1.0</ArcGISFormat><SyncOnce>TRUE</SyncOnce><DataProperties><itemProps><itemLocation><linkage Sync="TRUE">file://\\THINKPAD-THINK\D$\GitHub\active-faults\V2\fault</linkage><protocol Sync="TRUE">Local Area Network</protocol></itemLocation></itemProps><copyHistory><copy source="H:\NorthEast Tibet Faults\new version\faults\fault" dest="\\THINKPAD-THINK\D$\GitHub\active-faults\V2\fault" date="20130903" time="22033900"></copy></copyHistory></DataProperties></Esri></metadata>
